



 ID-EVENTO;TITULO;PRECIO;GRATUITO;LARGA-DURACION;DIAS-SEMANA;DIAS-EXCLUIDOS;FECHA;FECHA-FIN;HORA;DESCRIPCION;CONTENT-URL;TITULO-ACTIVIDAD;URL-ACTIVIDAD;URL-INSTALACION;NOMBRE-INSTALACION;COORDENADA-X;COORDENADA-Y;LATITUD;LONGITUD;DISTRITO;TIPO;AUDIENCIA;
10511054;"1ª Edición Ranking de Pádel";"";"0";"1";"L,M,X,J,V,S,D";"";"2017-11-01 00:00:00.0";"2018-06-22 23:59:00.0";"00:00";"";"http://www.madrid.es/sites/v/index.jsp?vgnextchannel=1ccd566813946010VgnVCM100000dc0ca8c0RCRD&vgnextoid=2ddace66fdbee510VgnVCM2000001f4a900aRCRD";"1ª Edición Ranking de Pádel";"http://www.madrid.es/sites/v/index.jsp?vgnextchannel=1ccd566813946010VgnVCM100000dc0ca8c0RCRD&vgnextoid=7d947b31bbbee510VgnVCM2000001f4a900aRCRD";"http://www.madrid.es/sites/v/index.jsp?vgnextchannel=9e4c43db40317010VgnVCM100000dc0ca8c0RCRD&vgnextoid=2cae79262ef5d010VgnVCM1000000b205a0aRCRD";"Centro Deportivo Municipal Pradillo";"443158";"4478030";"40.44910622626739";"-3.671618277009419";"CHAMARTIN";"/contenido/actividades/ActividadesDeportivas";"";
10475846;"6.ª Carrera Popular Madrid También Solidario";"";"0";"0";"";"";"2017-10-29 00:00:00.0";"2017-10-29 23:59:00.0";"10:00";"";"http://www.madrid.es/sites/v/index.jsp?vgnextchannel=1ccd566813946010VgnVCM100000dc0ca8c0RCRD&vgnextoid=cdb763557cb4e510VgnVCM1000001d4a900aRCRD";"6.ª Carrera Popular Madrid También Solidario";"http://www.madrid.es/sites/v/index.jsp?vgnextchannel=1ccd566813946010VgnVCM100000dc0ca8c0RCRD&vgnextoid=72e163557cb4e510VgnVCM1000001d4a900aRCRD";"";"";"";"";"";"";"";"/contenido/actividades/ActividadesDeportivas/CarrerasMaratones";"/usuario/Discapacitados";
10174019;"Ajedrez";"";"1";"1";"L,V";"";"2017-01-02 00:00:00.0";"2017-12-29 23:59:00.0";"00:00";"";"http://www.madrid.es/sites/v/index.jsp?vgnextchannel=1ccd566813946010VgnVCM100000dc0ca8c0RCRD&vgnextoid=cb3a6ec9f5008510VgnVCM1000001d4a900aRCRD";"Ajedrez en el Centro Cultural Hortaleza";"http://www.madrid.es/sites/v/index.jsp?vgnextchannel=1ccd566813946010VgnVCM100000dc0ca8c0RCRD&vgnextoid=53671ac331008510VgnVCM1000001d4a900aRCRD";"http://www.madrid.es/sites/v/index.jsp?vgnextchannel=9e4c43db40317010VgnVCM100000dc0ca8c0RCRD&vgnextoid=86381e79ee71c010VgnVCM1000000b205a0aRCRD";"Centro Cultural Hortaleza";"445689";"4481092";"40.476859845869534";"-3.6420353342333227";"HORTALEZA";"/contenido/actividades/ActividadesDeportivas/Ajedrez";"";
10129573;"Atletismo. II Medio Maratón de la Mujer 2017";"";"0";"0";"";"";"2017-10-29 00:00:00.0";"2017-10-29 23:59:00.0";"08:30";"";"http://www.madrid.es/sites/v/index.jsp?vgnextchannel=1ccd566813946010VgnVCM100000dc0ca8c0RCRD&vgnextoid=57e8158d52ff6510VgnVCM1000001d4a900aRCRD";"Atletismo. EDP Medio Maratón de la Mujer de Madrid 2017";"http://www.madrid.es/sites/v/index.jsp?vgnextchannel=1ccd566813946010VgnVCM100000dc0ca8c0RCRD&vgnextoid=4654fa765cef6510VgnVCM2000001f4a900aRCRD";"";"";"";"";"";"";"";"/contenido/actividades/ActividadesDeportivas/CarrerasMaratones";"";
10145265;"Atletismo. XVIII Carrera Cívico Militar contra la Droga";"";"1";"0";"";"";"2017-10-29 00:00:00.0";"2017-10-29 23:59:00.0";"10:00";"";"http://www.madrid.es/sites/v/index.jsp?vgnextchannel=1ccd566813946010VgnVCM100000dc0ca8c0RCRD&vgnextoid=8cab356792667510VgnVCM1000001d4a900aRCRD";"XVIII Carrera Cívico Militar contra la Droga";"http://www.madrid.es/sites/v/index.jsp?vgnextchannel=1ccd566813946010VgnVCM100000dc0ca8c0RCRD&vgnextoid=267499c20fd10510VgnVCM1000000b205a0aRCRD";"http://www.madrid.es/sites/v/index.jsp?vgnextchannel=9e4c43db40317010VgnVCM100000dc0ca8c0RCRD&vgnextoid=482a315919a9e210VgnVCM1000000b205a0aRCRD";"Parque de la Casa de Campo";"438160";"4474253";"40.41472407139105";"-3.7301857404819767";"MONCLOA-ARAVACA";"/contenido/actividades/ActividadesDeportivas/CarrerasMaratones";"";
10130446;"Gimnasia de mantenimiento. Parque Juan Carlos I";"";"1";"1";"L,X,V";"";"2017-10-02 00:00:00.0";"2017-12-29 23:59:00.0";"13:00";"";"http://www.madrid.es/sites/v/index.jsp?vgnextchannel=1ccd566813946010VgnVCM100000dc0ca8c0RCRD&vgnextoid=ade9a5f8ce307510VgnVCM1000001d4a900aRCRD";"Hábitat Madrid otoño. Gimnasia de mantenimiento. Parque Juan Carlos I";"http://www.madrid.es/sites/v/index.jsp?vgnextchannel=1ccd566813946010VgnVCM100000dc0ca8c0RCRD&vgnextoid=cc9f71ad3d2f0410VgnVCM2000000c205a0aRCRD";"http://www.madrid.es/sites/v/index.jsp?vgnextchannel=9e4c43db40317010VgnVCM100000dc0ca8c0RCRD&vgnextoid=8d9a78a0dea9e210VgnVCM1000000b205a0aRCRD";"Parque Juan Carlos I";"447977";"4479204";"40.45999848510341";"-3.6148888706303586";"BARAJAS";"/contenido/actividades/ItinerariosOtrasActividadesAmbientales";"";
10527909;"II Trail  Caser C4 Club de Campo Villa de Madrid";"";"0";"0";"";"";"2017-11-26 00:00:00.0";"2017-11-26 23:59:00.0";"09:30";"";"http://www.madrid.es/sites/v/index.jsp?vgnextchannel=1ccd566813946010VgnVCM100000dc0ca8c0RCRD&vgnextoid=d77e675eb925f510VgnVCM1000001d4a900aRCRD";"II Trail  Caser C4 Club de Campo Villa de Madrid";"http://www.madrid.es/sites/v/index.jsp?vgnextchannel=1ccd566813946010VgnVCM100000dc0ca8c0RCRD&vgnextoid=e1a7557585077510VgnVCM2000001f4a900aRCRD";"http://www.madrid.es/sites/v/index.jsp?vgnextchannel=9e4c43db40317010VgnVCM100000dc0ca8c0RCRD&vgnextoid=ef93827a9e41c010VgnVCM2000000c205a0aRCRD";"Club de Campo Villa de Madrid";"437129";"4476939";"40.43885228050035";"-3.7425912541514252";"MONCLOA-ARAVACA";"/contenido/actividades/ActividadesDeportivas/CarrerasMaratones";"";
7362383;"III torneo intercentros de pin pon";"";"1";"1";"L,M,X,J,V,S,D";"4/11/2017;6/11/2017;7/11/2017;5/11/2017;";"2017-11-03 00:00:00.0";"2017-11-08 23:59:00.0";"00:00";"Tercera edición del torneo deportivo intercentros juveniles de Madrid en su modalidad pin pon.    Fecha y hora de celebración:   Ronda clasificatoria: 26 de octubre.  Semifinales: 3 de noviembre.  Final: 8 de noviembre.   Inscripción:  durante octubre, consultar en el centro.   Plazas:  hasta completar aforo.";"http://www.madrid.es/sites/v/index.jsp?vgnextchannel=1ccd566813946010VgnVCM100000dc0ca8c0RCRD&vgnextoid=7db43d2184874410VgnVCM2000000c205a0aRCRD";"Actividades en el centro juvenil 'El Sitio de mi recreo' (Villa de Vallecas). Noviembre 2017";"http://www.madrid.es/sites/v/index.jsp?vgnextchannel=1ccd566813946010VgnVCM100000dc0ca8c0RCRD&vgnextoid=17508a5b3ffd1410VgnVCM1000000b205a0aRCRD";"http://www.madrid.es/sites/v/index.jsp?vgnextchannel=9e4c43db40317010VgnVCM100000dc0ca8c0RCRD&vgnextoid=9bd738d60b41c010VgnVCM2000000c205a0aRCRD";"Centro Juvenil El Sitio de mi Recreo (Villa de Vallecas)";"447744";"4470274";"40.37953682427198";"-3.616901585603186";"VILLA DE VALLECAS";"/contenido/actividades/Fiestas";"/usuario/Jovenes";
10487925;"IV Torneo Intercentros Fútbol Sala";"";"1";"1";"L,M,X,J,V,S,D";"";"2017-10-04 00:00:00.0";"2017-10-27 23:59:00.0";"00:00";"Apúntate solo o con tu equipo al IV Torneo de Fútbol-Sala Intercentros Juveniles. Acércate a tu centro juvenil más próximo, infórmate de las bases de juego, normas y de cómo participar. Juveniles: hasta 20 años / Senior: 21 a 30 años.  Reunión capitanes 4 de octubre, a las 18:00 h  Partidos, a partir de las 16:00 h:    Cadete-Juvenil: 16 y 26 de octubre - final 2 de noviembre  Senior: 20 y 27 de octubre - final 2 de noviembre   8 equipos juveniles y 8 equipos senior       Periodo de inscripción: del 11 al 30 de septiembre  Plazas: hasta completar aforo.       Para inscribirte:    e-mail:    actividadescarabanchel@gmail.com     teléfono: 914 006 417  Horario de información: miércoles y jueves de 12:30 a 14 horas y lunes a viernes de 16:30 a 20:30 horas";"http://www.madrid.es/sites/v/index.jsp?vgnextchannel=1ccd566813946010VgnVCM100000dc0ca8c0RCRD&vgnextoid=81cf5237f158e510VgnVCM1000001d4a900aRCRD";"Actividades en el centro juvenil 'Carabanchel Alto'. Octubre 2017";"http://www.madrid.es/sites/v/index.jsp?vgnextchannel=1ccd566813946010VgnVCM100000dc0ca8c0RCRD&vgnextoid=ecfc541470edc310VgnVCM2000000c205a0aRCRD";"http://www.madrid.es/sites/v/index.jsp?vgnextchannel=9e4c43db40317010VgnVCM100000dc0ca8c0RCRD&vgnextoid=2565d2d6fe9a6110VgnVCM1000000b205a0aRCRD";"Centro Juvenil Carabanchel Alto";"435970";"4468954";"40.366822704148795";"-3.755451103709316";"CARABANCHEL";"";"/usuario/Jovenes";
10449766;"Jornada 10. Club Atlético de Madrid SAD. - Villarreal Club de Fútbol SAD";"Venta de localidades:
General 50 a 180 euros. 
Socios 40 a 145 euros.
VIP 150 a 325 euros.";"0";"0";"";"";"2017-10-28 00:00:00.0";"2017-10-28 23:59:00.0";"18:30";"";"http://www.madrid.es/sites/v/index.jsp?vgnextchannel=1ccd566813946010VgnVCM100000dc0ca8c0RCRD&vgnextoid=fe1e67aad797d510VgnVCM2000001f4a900aRCRD";"Club Atlético de Madrid SAD. Partidos de La Liga de fútbol Santander (Primera División) que se juegan en Madrid";"http://www.madrid.es/sites/v/index.jsp?vgnextchannel=1ccd566813946010VgnVCM100000dc0ca8c0RCRD&vgnextoid=3bdfca7c1497d510VgnVCM1000001d4a900aRCRD";"http://www.madrid.es/sites/v/index.jsp?vgnextchannel=9e4c43db40317010VgnVCM100000dc0ca8c0RCRD&vgnextoid=cd2cda4605c9d510VgnVCM2000001f4a900aRCRD";"Estadio Wanda Metropolitano";"448894";"4476645";"40.437002562402796";"-3.6038556169965332";"SAN BLAS-CANILLEJAS";"/contenido/actividades/ActividadesDeportivas/Futbol";"";
10448652;"Jornada 11. Real Madrid Club de Fútbol - Unión Deportiva Las Palmas SAD";"?Entradas público 40 a 140 euros. 
?Entradas socios 32 a 112 euros..
?Entradas VIP 250 a 425 euros.";"0";"0";"";"";"2017-11-05 00:00:00.0";"2017-11-05 23:59:00.0";"20:45";"";"http://www.madrid.es/sites/v/index.jsp?vgnextchannel=1ccd566813946010VgnVCM100000dc0ca8c0RCRD&vgnextoid=a3a967f47a87d510VgnVCM2000001f4a900aRCRD";"Real Madrid Club de Fútbol. Partidos de La Liga de fútbol Santander (Primera División) que se juegan en Madrid";"http://www.madrid.es/sites/v/index.jsp?vgnextchannel=1ccd566813946010VgnVCM100000dc0ca8c0RCRD&vgnextoid=535613ef0b47d510VgnVCM2000001f4a900aRCRD";"http://www.madrid.es/sites/v/index.jsp?vgnextchannel=9e4c43db40317010VgnVCM100000dc0ca8c0RCRD&vgnextoid=96fb79262ef5d010VgnVCM1000000b205a0aRCRD";"Estadio Santiago Bernabéu";"441727";"4478378";"40.45214189379938";"-3.68852449488213";"CHAMARTIN";"/contenido/actividades/ActividadesDeportivas/Futbol";"";
10449767;"Jornada 12. Club Atlético de Madrid SAD - Real Madrid Club de Fútbol";"";"0";"0";"";"";"2017-11-19 00:00:00.0";"2017-11-19 23:59:00.0";"00:00";"";"http://www.madrid.es/sites/v/index.jsp?vgnextchannel=1ccd566813946010VgnVCM100000dc0ca8c0RCRD&vgnextoid=ef2e67aad797d510VgnVCM2000001f4a900aRCRD";"Club Atlético de Madrid SAD. Partidos de La Liga de fútbol Santander (Primera División) que se juegan en Madrid";"http://www.madrid.es/sites/v/index.jsp?vgnextchannel=1ccd566813946010VgnVCM100000dc0ca8c0RCRD&vgnextoid=3bdfca7c1497d510VgnVCM1000001d4a900aRCRD";"http://www.madrid.es/sites/v/index.jsp?vgnextchannel=9e4c43db40317010VgnVCM100000dc0ca8c0RCRD&vgnextoid=cd2cda4605c9d510VgnVCM2000001f4a900aRCRD";"Estadio Wanda Metropolitano";"448894";"4476645";"40.437002562402796";"-3.6038556169965332";"SAN BLAS-CANILLEJAS";"/contenido/actividades/ActividadesDeportivas/Futbol";"";
10449949;"Jornada 13. Rayo Vallecano de Madrid SAD - Albacete Balompié SAD";"";"0";"0";"";"";"2017-11-05 00:00:00.0";"2017-11-05 23:59:00.0";"00:00";"";"http://www.madrid.es/sites/v/index.jsp?vgnextchannel=1ccd566813946010VgnVCM100000dc0ca8c0RCRD&vgnextoid=c04ac516fbd7d510VgnVCM2000001f4a900aRCRD";"Rayo Vallecano de Madrid SAD. Partidos de La Liga de fútbol 1 2 3 (Segunda División) que se juegan en Madrid";"http://www.madrid.es/sites/v/index.jsp?vgnextchannel=1ccd566813946010VgnVCM100000dc0ca8c0RCRD&vgnextoid=d5b667aad797d510VgnVCM2000001f4a900aRCRD";"http://www.madrid.es/sites/v/index.jsp?vgnextchannel=9e4c43db40317010VgnVCM100000dc0ca8c0RCRD&vgnextoid=bb32a4ea6871c010VgnVCM1000000b205a0aRCRD";"Estadio de Vallecas";"444245";"4471721";"40.39234504772624";"-3.6582462080515588";"PUENTE DE VALLECAS";"/contenido/actividades/ActividadesDeportivas/Futbol";"";
10448671;"Jornada 13. Real Madrid Club de Fútbol - Málaga Club de Fútbol SAD";"";"0";"0";"";"";"2017-11-26 00:00:00.0";"2017-11-26 23:59:00.0";"00:00";"";"http://www.madrid.es/sites/v/index.jsp?vgnextchannel=1ccd566813946010VgnVCM100000dc0ca8c0RCRD&vgnextoid=c52a67f47a87d510VgnVCM2000001f4a900aRCRD";"Real Madrid Club de Fútbol. Partidos de La Liga de fútbol Santander (Primera División) que se juegan en Madrid";"http://www.madrid.es/sites/v/index.jsp?vgnextchannel=1ccd566813946010VgnVCM100000dc0ca8c0RCRD&vgnextoid=535613ef0b47d510VgnVCM2000001f4a900aRCRD";"http://www.madrid.es/sites/v/index.jsp?vgnextchannel=9e4c43db40317010VgnVCM100000dc0ca8c0RCRD&vgnextoid=96fb79262ef5d010VgnVCM1000000b205a0aRCRD";"Estadio Santiago Bernabéu";"441727";"4478378";"40.45214189379938";"-3.68852449488213";"CHAMARTIN";"/contenido/actividades/ActividadesDeportivas/Futbol";"";
10449768;"Jornada 14. Club Atlético de Madrid SAD - Real Sociedad de Fútbol SAD";"";"0";"0";"";"";"2017-12-03 00:00:00.0";"2017-12-03 23:59:00.0";"00:00";"";"http://www.madrid.es/sites/v/index.jsp?vgnextchannel=1ccd566813946010VgnVCM100000dc0ca8c0RCRD&vgnextoid=f44e67aad797d510VgnVCM2000001f4a900aRCRD";"Club Atlético de Madrid SAD. Partidos de La Liga de fútbol Santander (Primera División) que se juegan en Madrid";"http://www.madrid.es/sites/v/index.jsp?vgnextchannel=1ccd566813946010VgnVCM100000dc0ca8c0RCRD&vgnextoid=3bdfca7c1497d510VgnVCM1000001d4a900aRCRD";"http://www.madrid.es/sites/v/index.jsp?vgnextchannel=9e4c43db40317010VgnVCM100000dc0ca8c0RCRD&vgnextoid=cd2cda4605c9d510VgnVCM2000001f4a900aRCRD";"Estadio Wanda Metropolitano";"448894";"4476645";"40.437002562402796";"-3.6038556169965332";"SAN BLAS-CANILLEJAS";"/contenido/actividades/ActividadesDeportivas/Futbol";"";
10449950;"Jornada 15. Rayo Vallecano de Madrid SAD - Fútbol Club Barcelona B";"";"0";"0";"";"";"2017-11-19 00:00:00.0";"2017-11-19 23:59:00.0";"00:00";"";"http://www.madrid.es/sites/v/index.jsp?vgnextchannel=1ccd566813946010VgnVCM100000dc0ca8c0RCRD&vgnextoid=567ac516fbd7d510VgnVCM2000001f4a900aRCRD";"Rayo Vallecano de Madrid SAD. Partidos de La Liga de fútbol 1 2 3 (Segunda División) que se juegan en Madrid";"http://www.madrid.es/sites/v/index.jsp?vgnextchannel=1ccd566813946010VgnVCM100000dc0ca8c0RCRD&vgnextoid=d5b667aad797d510VgnVCM2000001f4a900aRCRD";"http://www.madrid.es/sites/v/index.jsp?vgnextchannel=9e4c43db40317010VgnVCM100000dc0ca8c0RCRD&vgnextoid=bb32a4ea6871c010VgnVCM1000000b205a0aRCRD";"Estadio de Vallecas";"444245";"4471721";"40.39234504772624";"-3.6582462080515588";"PUENTE DE VALLECAS";"/contenido/actividades/ActividadesDeportivas/Futbol";"";
10449073;"Jornada 15. Real Madrid Club de Fútbol - Sevilla Fútbol Club SAD";"";"0";"0";"";"";"2017-12-10 00:00:00.0";"2017-12-10 23:59:00.0";"00:00";"";"http://www.madrid.es/sites/v/index.jsp?vgnextchannel=1ccd566813946010VgnVCM100000dc0ca8c0RCRD&vgnextoid=555dca7c1497d510VgnVCM1000001d4a900aRCRD";"Real Madrid Club de Fútbol. Partidos de La Liga de fútbol Santander (Primera División) que se juegan en Madrid";"http://www.madrid.es/sites/v/index.jsp?vgnextchannel=1ccd566813946010VgnVCM100000dc0ca8c0RCRD&vgnextoid=535613ef0b47d510VgnVCM2000001f4a900aRCRD";"http://www.madrid.es/sites/v/index.jsp?vgnextchannel=9e4c43db40317010VgnVCM100000dc0ca8c0RCRD&vgnextoid=96fb79262ef5d010VgnVCM1000000b205a0aRCRD";"Estadio Santiago Bernabéu";"441727";"4478378";"40.45214189379938";"-3.68852449488213";"CHAMARTIN";"/contenido/actividades/ActividadesDeportivas/Futbol";"";
10449769;"Jornada 16. Club Atlético de Madrid SAD - Deportivo Alavés SAD";"";"0";"0";"";"";"2017-12-17 00:00:00.0";"2017-12-17 23:59:00.0";"00:00";"";"http://www.madrid.es/sites/v/index.jsp?vgnextchannel=1ccd566813946010VgnVCM100000dc0ca8c0RCRD&vgnextoid=e64e67aad797d510VgnVCM2000001f4a900aRCRD";"Club Atlético de Madrid SAD. Partidos de La Liga de fútbol Santander (Primera División) que se juegan en Madrid";"http://www.madrid.es/sites/v/index.jsp?vgnextchannel=1ccd566813946010VgnVCM100000dc0ca8c0RCRD&vgnextoid=3bdfca7c1497d510VgnVCM1000001d4a900aRCRD";"http://www.madrid.es/sites/v/index.jsp?vgnextchannel=9e4c43db40317010VgnVCM100000dc0ca8c0RCRD&vgnextoid=cd2cda4605c9d510VgnVCM2000001f4a900aRCRD";"Estadio Wanda Metropolitano";"448894";"4476645";"40.437002562402796";"-3.6038556169965332";"SAN BLAS-CANILLEJAS";"/contenido/actividades/ActividadesDeportivas/Futbol";"";
10449954;"Jornada 17. Rayo Vallecano de Madrid SAD - Granada Clkub de Fútbol SAD";"";"0";"0";"";"";"2017-12-03 00:00:00.0";"2017-12-03 23:59:00.0";"00:00";"";"http://www.madrid.es/sites/v/index.jsp?vgnextchannel=1ccd566813946010VgnVCM100000dc0ca8c0RCRD&vgnextoid=ba9ac516fbd7d510VgnVCM2000001f4a900aRCRD";"Rayo Vallecano de Madrid SAD. Partidos de La Liga de fútbol 1 2 3 (Segunda División) que se juegan en Madrid";"http://www.madrid.es/sites/v/index.jsp?vgnextchannel=1ccd566813946010VgnVCM100000dc0ca8c0RCRD&vgnextoid=d5b667aad797d510VgnVCM2000001f4a900aRCRD";"http://www.madrid.es/sites/v/index.jsp?vgnextchannel=9e4c43db40317010VgnVCM100000dc0ca8c0RCRD&vgnextoid=bb32a4ea6871c010VgnVCM1000000b205a0aRCRD";"Estadio de Vallecas";"444245";"4471721";"40.39234504772624";"-3.6582462080515588";"PUENTE DE VALLECAS";"/contenido/actividades/ActividadesDeportivas/Futbol";"";
10449075;"Jornada 17. Real Madrid Club de Fútbol - Fútbol Club Barcelona";"";"0";"0";"";"";"2017-12-20 00:00:00.0";"2017-12-20 23:59:00.0";"00:00";"";"http://www.madrid.es/sites/v/index.jsp?vgnextchannel=1ccd566813946010VgnVCM100000dc0ca8c0RCRD&vgnextoid=eebdca7c1497d510VgnVCM1000001d4a900aRCRD";"Real Madrid Club de Fútbol. Partidos de La Liga de fútbol Santander (Primera División) que se juegan en Madrid";"http://www.madrid.es/sites/v/index.jsp?vgnextchannel=1ccd566813946010VgnVCM100000dc0ca8c0RCRD&vgnextoid=535613ef0b47d510VgnVCM2000001f4a900aRCRD";"http://www.madrid.es/sites/v/index.jsp?vgnextchannel=9e4c43db40317010VgnVCM100000dc0ca8c0RCRD&vgnextoid=96fb79262ef5d010VgnVCM1000000b205a0aRCRD";"Estadio Santiago Bernabéu";"441727";"4478378";"40.45214189379938";"-3.68852449488213";"CHAMARTIN";"/contenido/actividades/ActividadesDeportivas/Futbol";"";
10449770;"Jornada 18. Club Atlético de Madrid SAD - Getafe Club de Fútbol SAD";"";"0";"0";"";"";"2018-01-07 00:00:00.0";"2018-01-07 23:59:00.0";"00:00";"";"http://www.madrid.es/sites/v/index.jsp?vgnextchannel=1ccd566813946010VgnVCM100000dc0ca8c0RCRD&vgnextoid=385e67aad797d510VgnVCM2000001f4a900aRCRD";"Club Atlético de Madrid SAD. Partidos de La Liga de fútbol Santander (Primera División) que se juegan en Madrid";"http://www.madrid.es/sites/v/index.jsp?vgnextchannel=1ccd566813946010VgnVCM100000dc0ca8c0RCRD&vgnextoid=3bdfca7c1497d510VgnVCM1000001d4a900aRCRD";"http://www.madrid.es/sites/v/index.jsp?vgnextchannel=9e4c43db40317010VgnVCM100000dc0ca8c0RCRD&vgnextoid=cd2cda4605c9d510VgnVCM2000001f4a900aRCRD";"Estadio Wanda Metropolitano";"448894";"4476645";"40.437002562402796";"-3.6038556169965332";"SAN BLAS-CANILLEJAS";"/contenido/actividades/ActividadesDeportivas/Futbol";"";
10449955;"Jornada 19. Rayo Vallecano de Madrid SAD - Agrupación Deportiva Alcorcón SAD";"";"0";"0";"";"";"2017-12-17 00:00:00.0";"2017-12-17 23:59:00.0";"00:00";"";"http://www.madrid.es/sites/v/index.jsp?vgnextchannel=1ccd566813946010VgnVCM100000dc0ca8c0RCRD&vgnextoid=b1dac516fbd7d510VgnVCM2000001f4a900aRCRD";"Rayo Vallecano de Madrid SAD. Partidos de La Liga de fútbol 1 2 3 (Segunda División) que se juegan en Madrid";"http://www.madrid.es/sites/v/index.jsp?vgnextchannel=1ccd566813946010VgnVCM100000dc0ca8c0RCRD&vgnextoid=d5b667aad797d510VgnVCM2000001f4a900aRCRD";"http://www.madrid.es/sites/v/index.jsp?vgnextchannel=9e4c43db40317010VgnVCM100000dc0ca8c0RCRD&vgnextoid=bb32a4ea6871c010VgnVCM1000000b205a0aRCRD";"Estadio de Vallecas";"444245";"4471721";"40.39234504772624";"-3.6582462080515588";"PUENTE DE VALLECAS";"/contenido/actividades/ActividadesDeportivas/Futbol";"";
10449078;"Jornada 19. Real Madrid Club de Fútbol - Villarreal Club de Fútbol SAD";"";"0";"0";"";"";"2018-01-14 00:00:00.0";"2018-01-14 23:59:00.0";"00:00";"";"http://www.madrid.es/sites/v/index.jsp?vgnextchannel=1ccd566813946010VgnVCM100000dc0ca8c0RCRD&vgnextoid=d0cdca7c1497d510VgnVCM1000001d4a900aRCRD";"Real Madrid Club de Fútbol. Partidos de La Liga de fútbol Santander (Primera División) que se juegan en Madrid";"http://www.madrid.es/sites/v/index.jsp?vgnextchannel=1ccd566813946010VgnVCM100000dc0ca8c0RCRD&vgnextoid=535613ef0b47d510VgnVCM2000001f4a900aRCRD";"http://www.madrid.es/sites/v/index.jsp?vgnextchannel=9e4c43db40317010VgnVCM100000dc0ca8c0RCRD&vgnextoid=96fb79262ef5d010VgnVCM1000000b205a0aRCRD";"Estadio Santiago Bernabéu";"441727";"4478378";"40.45214189379938";"-3.68852449488213";"CHAMARTIN";"/contenido/actividades/ActividadesDeportivas/Futbol";"";
10449771;"Jornada 20. Club Atlético de Madrid SAD - Girona Fútbol Club SAD";"";"0";"0";"";"";"2018-01-21 00:00:00.0";"2018-01-21 23:59:00.0";"00:00";"";"http://www.madrid.es/sites/v/index.jsp?vgnextchannel=1ccd566813946010VgnVCM100000dc0ca8c0RCRD&vgnextoid=577e67aad797d510VgnVCM2000001f4a900aRCRD";"Club Atlético de Madrid SAD. Partidos de La Liga de fútbol Santander (Primera División) que se juegan en Madrid";"http://www.madrid.es/sites/v/index.jsp?vgnextchannel=1ccd566813946010VgnVCM100000dc0ca8c0RCRD&vgnextoid=3bdfca7c1497d510VgnVCM1000001d4a900aRCRD";"http://www.madrid.es/sites/v/index.jsp?vgnextchannel=9e4c43db40317010VgnVCM100000dc0ca8c0RCRD&vgnextoid=cd2cda4605c9d510VgnVCM2000001f4a900aRCRD";"Estadio Wanda Metropolitano";"448894";"4476645";"40.437002562402796";"-3.6038556169965332";"SAN BLAS-CANILLEJAS";"/contenido/actividades/ActividadesDeportivas/Futbol";"";
10449079;"Jornada 20. Real Madrid Club de Fútbol - Real Club Deportivo de La Coruña SAD";"";"0";"0";"";"";"2018-01-21 00:00:00.0";"2018-01-21 23:59:00.0";"00:00";"";"http://www.madrid.es/sites/v/index.jsp?vgnextchannel=1ccd566813946010VgnVCM100000dc0ca8c0RCRD&vgnextoid=54cdca7c1497d510VgnVCM1000001d4a900aRCRD";"Real Madrid Club de Fútbol. Partidos de La Liga de fútbol Santander (Primera División) que se juegan en Madrid";"http://www.madrid.es/sites/v/index.jsp?vgnextchannel=1ccd566813946010VgnVCM100000dc0ca8c0RCRD&vgnextoid=535613ef0b47d510VgnVCM2000001f4a900aRCRD";"http://www.madrid.es/sites/v/index.jsp?vgnextchannel=9e4c43db40317010VgnVCM100000dc0ca8c0RCRD&vgnextoid=96fb79262ef5d010VgnVCM1000000b205a0aRCRD";"Estadio Santiago Bernabéu";"441727";"4478378";"40.45214189379938";"-3.68852449488213";"CHAMARTIN";"/contenido/actividades/ActividadesDeportivas/Futbol";"";
10449772;"Jornada 21. Club Atlético de Madrid SAD - Unión Deportiva Las Palmas SAD";"";"0";"0";"";"";"2018-01-28 00:00:00.0";"2018-01-28 23:59:00.0";"00:00";"";"http://www.madrid.es/sites/v/index.jsp?vgnextchannel=1ccd566813946010VgnVCM100000dc0ca8c0RCRD&vgnextoid=497e67aad797d510VgnVCM2000001f4a900aRCRD";"Club Atlético de Madrid SAD. Partidos de La Liga de fútbol Santander (Primera División) que se juegan en Madrid";"http://www.madrid.es/sites/v/index.jsp?vgnextchannel=1ccd566813946010VgnVCM100000dc0ca8c0RCRD&vgnextoid=3bdfca7c1497d510VgnVCM1000001d4a900aRCRD";"http://www.madrid.es/sites/v/index.jsp?vgnextchannel=9e4c43db40317010VgnVCM100000dc0ca8c0RCRD&vgnextoid=cd2cda4605c9d510VgnVCM2000001f4a900aRCRD";"Estadio Wanda Metropolitano";"448894";"4476645";"40.437002562402796";"-3.6038556169965332";"SAN BLAS-CANILLEJAS";"/contenido/actividades/ActividadesDeportivas/Futbol";"";
10449957;"Jornada 21. Rayo Vallecano de Madrid SAD - Gimnàstica de Tarragona SAD";"";"0";"0";"";"";"2018-01-07 00:00:00.0";"2018-01-07 23:59:00.0";"00:00";"";"http://www.madrid.es/sites/v/index.jsp?vgnextchannel=1ccd566813946010VgnVCM100000dc0ca8c0RCRD&vgnextoid=28eac516fbd7d510VgnVCM2000001f4a900aRCRD";"Rayo Vallecano de Madrid SAD. Partidos de La Liga de fútbol 1 2 3 (Segunda División) que se juegan en Madrid";"http://www.madrid.es/sites/v/index.jsp?vgnextchannel=1ccd566813946010VgnVCM100000dc0ca8c0RCRD&vgnextoid=d5b667aad797d510VgnVCM2000001f4a900aRCRD";"http://www.madrid.es/sites/v/index.jsp?vgnextchannel=9e4c43db40317010VgnVCM100000dc0ca8c0RCRD&vgnextoid=bb32a4ea6871c010VgnVCM1000000b205a0aRCRD";"Estadio de Vallecas";"444245";"4471721";"40.39234504772624";"-3.6582462080515588";"PUENTE DE VALLECAS";"/contenido/actividades/ActividadesDeportivas/Futbol";"";
10449960;"Jornada 22. Rayo Vallecano de Madrid SAD - Real Oviedo SAD";"";"0";"0";"";"";"2018-01-14 00:00:00.0";"2018-01-14 23:59:00.0";"00:00";"";"http://www.madrid.es/sites/v/index.jsp?vgnextchannel=1ccd566813946010VgnVCM100000dc0ca8c0RCRD&vgnextoid=d20bc516fbd7d510VgnVCM2000001f4a900aRCRD";"Rayo Vallecano de Madrid SAD. Partidos de La Liga de fútbol 1 2 3 (Segunda División) que se juegan en Madrid";"http://www.madrid.es/sites/v/index.jsp?vgnextchannel=1ccd566813946010VgnVCM100000dc0ca8c0RCRD&vgnextoid=d5b667aad797d510VgnVCM2000001f4a900aRCRD";"http://www.madrid.es/sites/v/index.jsp?vgnextchannel=9e4c43db40317010VgnVCM100000dc0ca8c0RCRD&vgnextoid=bb32a4ea6871c010VgnVCM1000000b205a0aRCRD";"Estadio de Vallecas";"444245";"4471721";"40.39234504772624";"-3.6582462080515588";"PUENTE DE VALLECAS";"/contenido/actividades/ActividadesDeportivas/Futbol";"";
10449963;"Jornada 24. Rayo Vallecano de Madrid SAD - Lorca Fútbol Club";"";"0";"0";"";"";"2018-01-28 00:00:00.0";"2018-01-28 23:59:00.0";"00:00";"";"http://www.madrid.es/sites/v/index.jsp?vgnextchannel=1ccd566813946010VgnVCM100000dc0ca8c0RCRD&vgnextoid=962bc516fbd7d510VgnVCM2000001f4a900aRCRD";"Rayo Vallecano de Madrid SAD. Partidos de La Liga de fútbol 1 2 3 (Segunda División) que se juegan en Madrid";"http://www.madrid.es/sites/v/index.jsp?vgnextchannel=1ccd566813946010VgnVCM100000dc0ca8c0RCRD&vgnextoid=d5b667aad797d510VgnVCM2000001f4a900aRCRD";"http://www.madrid.es/sites/v/index.jsp?vgnextchannel=9e4c43db40317010VgnVCM100000dc0ca8c0RCRD&vgnextoid=bb32a4ea6871c010VgnVCM1000000b205a0aRCRD";"Estadio de Vallecas";"444245";"4471721";"40.39234504772624";"-3.6582462080515588";"PUENTE DE VALLECAS";"/contenido/actividades/ActividadesDeportivas/Futbol";"";
10463185;"Movistar Estudiantes - Baskonia";"";"0";"0";"";"";"2017-12-10 00:00:00.0";"2017-12-10 23:59:00.0";"00:00";"";"http://www.madrid.es/sites/v/index.jsp?vgnextchannel=1ccd566813946010VgnVCM100000dc0ca8c0RCRD&vgnextoid=96670c49cdcad510VgnVCM2000001f4a900aRCRD";"Partidos de Baloncesto Liga ACB. Movistar Estudiantes";"http://www.madrid.es/sites/v/index.jsp?vgnextchannel=1ccd566813946010VgnVCM100000dc0ca8c0RCRD&vgnextoid=5b160c49cdcad510VgnVCM2000001f4a900aRCRD";"http://www.madrid.es/sites/v/index.jsp?vgnextchannel=9e4c43db40317010VgnVCM100000dc0ca8c0RCRD&vgnextoid=322a8f90a581c010VgnVCM1000000b205a0aRCRD";"WiZink Center (antiguo Palacio de Deportes de Madrid)";"443095";"4475164";"40.42328354496374";"-3.672104027231158";"SALAMANCA";"/contenido/actividades/ActividadesDeportivas/Baloncesto";"";
10463191;"Movistar Estudiantes - Iberostar Tenerife";"";"0";"0";"";"";"2018-01-28 00:00:00.0";"2018-01-28 23:59:00.0";"00:00";"";"http://www.madrid.es/sites/v/index.jsp?vgnextchannel=1ccd566813946010VgnVCM100000dc0ca8c0RCRD&vgnextoid=72d70c49cdcad510VgnVCM2000001f4a900aRCRD";"Partidos de Baloncesto Liga ACB. Movistar Estudiantes";"http://www.madrid.es/sites/v/index.jsp?vgnextchannel=1ccd566813946010VgnVCM100000dc0ca8c0RCRD&vgnextoid=5b160c49cdcad510VgnVCM2000001f4a900aRCRD";"http://www.madrid.es/sites/v/index.jsp?vgnextchannel=9e4c43db40317010VgnVCM100000dc0ca8c0RCRD&vgnextoid=322a8f90a581c010VgnVCM1000000b205a0aRCRD";"WiZink Center (antiguo Palacio de Deportes de Madrid)";"443095";"4475164";"40.42328354496374";"-3.672104027231158";"SALAMANCA";"/contenido/actividades/ActividadesDeportivas/Baloncesto";"";
10463190;"Movistar Estudiantes - Monbus Obradoiro";"";"0";"0";"";"";"2018-01-14 00:00:00.0";"2018-01-14 23:59:00.0";"00:00";"";"http://www.madrid.es/sites/v/index.jsp?vgnextchannel=1ccd566813946010VgnVCM100000dc0ca8c0RCRD&vgnextoid=1ab70c49cdcad510VgnVCM2000001f4a900aRCRD";"Partidos de Baloncesto Liga ACB. Movistar Estudiantes";"http://www.madrid.es/sites/v/index.jsp?vgnextchannel=1ccd566813946010VgnVCM100000dc0ca8c0RCRD&vgnextoid=5b160c49cdcad510VgnVCM2000001f4a900aRCRD";"http://www.madrid.es/sites/v/index.jsp?vgnextchannel=9e4c43db40317010VgnVCM100000dc0ca8c0RCRD&vgnextoid=322a8f90a581c010VgnVCM1000000b205a0aRCRD";"WiZink Center (antiguo Palacio de Deportes de Madrid)";"443095";"4475164";"40.42328354496374";"-3.672104027231158";"SALAMANCA";"/contenido/actividades/ActividadesDeportivas/Baloncesto";"";
10463181;"Movistar Estudiantes - MoraBanc Andorra";"";"0";"0";"";"";"2017-12-03 00:00:00.0";"2017-12-03 23:59:00.0";"00:00";"";"http://www.madrid.es/sites/v/index.jsp?vgnextchannel=1ccd566813946010VgnVCM100000dc0ca8c0RCRD&vgnextoid=99470c49cdcad510VgnVCM2000001f4a900aRCRD";"Partidos de Baloncesto Liga ACB. Movistar Estudiantes";"http://www.madrid.es/sites/v/index.jsp?vgnextchannel=1ccd566813946010VgnVCM100000dc0ca8c0RCRD&vgnextoid=5b160c49cdcad510VgnVCM2000001f4a900aRCRD";"http://www.madrid.es/sites/v/index.jsp?vgnextchannel=9e4c43db40317010VgnVCM100000dc0ca8c0RCRD&vgnextoid=322a8f90a581c010VgnVCM1000000b205a0aRCRD";"WiZink Center (antiguo Palacio de Deportes de Madrid)";"443095";"4475164";"40.42328354496374";"-3.672104027231158";"SALAMANCA";"/contenido/actividades/ActividadesDeportivas/Baloncesto";"";
10463187;"Movistar Estudiantes - San Pablo Burgos";"";"0";"0";"";"";"2017-12-23 00:00:00.0";"2017-12-23 23:59:00.0";"00:00";"";"http://www.madrid.es/sites/v/index.jsp?vgnextchannel=1ccd566813946010VgnVCM100000dc0ca8c0RCRD&vgnextoid=50870c49cdcad510VgnVCM2000001f4a900aRCRD";"Partidos de Baloncesto Liga ACB. Movistar Estudiantes";"http://www.madrid.es/sites/v/index.jsp?vgnextchannel=1ccd566813946010VgnVCM100000dc0ca8c0RCRD&vgnextoid=5b160c49cdcad510VgnVCM2000001f4a900aRCRD";"http://www.madrid.es/sites/v/index.jsp?vgnextchannel=9e4c43db40317010VgnVCM100000dc0ca8c0RCRD&vgnextoid=322a8f90a581c010VgnVCM1000000b205a0aRCRD";"WiZink Center (antiguo Palacio de Deportes de Madrid)";"443095";"4475164";"40.42328354496374";"-3.672104027231158";"SALAMANCA";"/contenido/actividades/ActividadesDeportivas/Baloncesto";"";
10463180;"Movistar Estudiantes - UCAM Murica CB";"";"0";"0";"";"";"2017-11-12 00:00:00.0";"2017-11-12 23:59:00.0";"00:00";"";"http://www.madrid.es/sites/v/index.jsp?vgnextchannel=1ccd566813946010VgnVCM100000dc0ca8c0RCRD&vgnextoid=6d270c49cdcad510VgnVCM2000001f4a900aRCRD";"Partidos de Baloncesto Liga ACB. Movistar Estudiantes";"http://www.madrid.es/sites/v/index.jsp?vgnextchannel=1ccd566813946010VgnVCM100000dc0ca8c0RCRD&vgnextoid=5b160c49cdcad510VgnVCM2000001f4a900aRCRD";"http://www.madrid.es/sites/v/index.jsp?vgnextchannel=9e4c43db40317010VgnVCM100000dc0ca8c0RCRD&vgnextoid=322a8f90a581c010VgnVCM1000000b205a0aRCRD";"WiZink Center (antiguo Palacio de Deportes de Madrid)";"443095";"4475164";"40.42328354496374";"-3.672104027231158";"SALAMANCA";"/contenido/actividades/ActividadesDeportivas/Baloncesto";"";
10529895;"Partido de Baloncesto. Encuentro Euroleague. Real Madrid-Estrella Roja";"";"0";"0";"";"";"2017-12-01 00:00:00.0";"2017-12-01 23:59:00.0";"21:00";"";"http://www.madrid.es/sites/v/index.jsp?vgnextchannel=1ccd566813946010VgnVCM100000dc0ca8c0RCRD&vgnextoid=ddb286a61b75f510VgnVCM1000001d4a900aRCRD";"Partido de Baloncesto. Encuentro Euroleague. Real Madrid-Estrella Roja";"http://www.madrid.es/sites/v/index.jsp?vgnextchannel=1ccd566813946010VgnVCM100000dc0ca8c0RCRD&vgnextoid=c10286a61b75f510VgnVCM1000001d4a900aRCRD";"http://www.madrid.es/sites/v/index.jsp?vgnextchannel=9e4c43db40317010VgnVCM100000dc0ca8c0RCRD&vgnextoid=322a8f90a581c010VgnVCM1000000b205a0aRCRD";"WiZink Center (antiguo Palacio de Deportes de Madrid)";"443095";"4475164";"40.42328354496374";"-3.672104027231158";"SALAMANCA";"/contenido/actividades/ActividadesDeportivas/Baloncesto";"";
10529881;"Partido de Baloncesto. Encuentro Euroleague. Real Madrid-Khimki";"";"0";"0";"";"";"2017-11-02 00:00:00.0";"2017-11-02 23:59:00.0";"21:00";"";"http://www.madrid.es/sites/v/index.jsp?vgnextchannel=1ccd566813946010VgnVCM100000dc0ca8c0RCRD&vgnextoid=5a8186a61b75f510VgnVCM1000001d4a900aRCRD";"Partido de Baloncesto. Encuentro Euroleague. Real Madrid-Khimki";"http://www.madrid.es/sites/v/index.jsp?vgnextchannel=1ccd566813946010VgnVCM100000dc0ca8c0RCRD&vgnextoid=d3a086a61b75f510VgnVCM1000001d4a900aRCRD";"http://www.madrid.es/sites/v/index.jsp?vgnextchannel=9e4c43db40317010VgnVCM100000dc0ca8c0RCRD&vgnextoid=322a8f90a581c010VgnVCM1000000b205a0aRCRD";"WiZink Center (antiguo Palacio de Deportes de Madrid)";"443095";"4475164";"40.42328354496374";"-3.672104027231158";"SALAMANCA";"/contenido/actividades/ActividadesDeportivas/Baloncesto";"";
10529632;"Partido de Baloncesto. Encuentro Euroleague. Real Madrid-Unicaja Málaga";"";"0";"0";"";"";"2017-11-12 00:00:00.0";"2017-11-12 23:59:00.0";"21:00";"";"http://www.madrid.es/sites/v/index.jsp?vgnextchannel=1ccd566813946010VgnVCM100000dc0ca8c0RCRD&vgnextoid=b131bd27b875f510VgnVCM2000001f4a900aRCRD";"Partido de Baloncesto. Encuentro Euroleague. Real Madrid-Unicaja Málaga";"http://www.madrid.es/sites/v/index.jsp?vgnextchannel=1ccd566813946010VgnVCM100000dc0ca8c0RCRD&vgnextoid=828fbd27b875f510VgnVCM2000001f4a900aRCRD";"http://www.madrid.es/sites/v/index.jsp?vgnextchannel=9e4c43db40317010VgnVCM100000dc0ca8c0RCRD&vgnextoid=322a8f90a581c010VgnVCM1000000b205a0aRCRD";"WiZink Center (antiguo Palacio de Deportes de Madrid)";"443095";"4475164";"40.42328354496374";"-3.672104027231158";"SALAMANCA";"/contenido/actividades/ActividadesDeportivas/Baloncesto";"";
10527908;"Partido de Fútbol. Encuentro UEFA Champions League. Atlético de Madrid-FK Qarabag";"";"0";"0";"";"";"2017-10-31 00:00:00.0";"2017-10-31 23:59:00.0";"20:45";"";"http://www.madrid.es/sites/v/index.jsp?vgnextchannel=1ccd566813946010VgnVCM100000dc0ca8c0RCRD&vgnextoid=366e675eb925f510VgnVCM1000001d4a900aRCRD";"Partido de Fútbol. Encuentro UEFA Champions League. Atlético de Madrid-FK Qarabag";"http://www.madrid.es/sites/v/index.jsp?vgnextchannel=1ccd566813946010VgnVCM100000dc0ca8c0RCRD&vgnextoid=6c9b675eb925f510VgnVCM1000001d4a900aRCRD";"http://www.madrid.es/sites/v/index.jsp?vgnextchannel=9e4c43db40317010VgnVCM100000dc0ca8c0RCRD&vgnextoid=cd2cda4605c9d510VgnVCM2000001f4a900aRCRD";"Estadio Wanda Metropolitano";"448894";"4476645";"40.437002562402796";"-3.6038556169965332";"SAN BLAS-CANILLEJAS";"/contenido/actividades/ActividadesDeportivas/Futbol";"";
10463280;"Real Madrid - Baskonia";"";"0";"0";"";"";"2018-01-28 00:00:00.0";"2018-01-28 23:59:00.0";"00:00";"";"http://www.madrid.es/sites/v/index.jsp?vgnextchannel=1ccd566813946010VgnVCM100000dc0ca8c0RCRD&vgnextoid=cc8ebfef09bbd510VgnVCM2000001f4a900aRCRD";"Partidos de Baloncesto Liga ACB. Real Madrid";"http://www.madrid.es/sites/v/index.jsp?vgnextchannel=1ccd566813946010VgnVCM100000dc0ca8c0RCRD&vgnextoid=f78dbfef09bbd510VgnVCM2000001f4a900aRCRD";"http://www.madrid.es/sites/v/index.jsp?vgnextchannel=9e4c43db40317010VgnVCM100000dc0ca8c0RCRD&vgnextoid=322a8f90a581c010VgnVCM1000000b205a0aRCRD";"WiZink Center (antiguo Palacio de Deportes de Madrid)";"443095";"4475164";"40.42328354496374";"-3.672104027231158";"SALAMANCA";"/contenido/actividades/ActividadesDeportivas/Baloncesto";"";
10463273;"Real Madrid - FC Barcelona Lassa";"Público en General: 35 a 105 euros.
Tarjeta Club Madridista: 29 a 89 euros. 
Socios: 24 a 73 euros.
Entradas VIP: 200 euros.";"0";"0";"";"";"2017-11-12 00:00:00.0";"2017-11-12 23:59:00.0";"18:30";"Venta de Localidades  Internet: Internet:  www.realmadrid.com   Venta telefónica:     Socios : 902 244 824   Madridistas : 902 324 324   Público  General: 902 324 324    Taquillas : Centrales del  Estadio Santiago Bernabéu : abiertas de lunes a domingo de 10 a 19 horas.     WiZink Center : abiertas 2 horas antes del comienzo del partido.     El día de partido en el Estadio Santiago Bernabéu, las taquillas estarán exclusivamente dedicadas a la venta de entradas para ese partido.   Las entradas para  discapacitados  sólo se podrán adquirir en Taquillas del  Estadio Santiago Bernabéu  o bien en las Taquillas del  WiZink Center  2 horas antes del inicio del partido.    Los  Abonados  deberán  acceder  al WiZink Center con su  tarjeta de abonado .";"http://www.madrid.es/sites/v/index.jsp?vgnextchannel=1ccd566813946010VgnVCM100000dc0ca8c0RCRD&vgnextoid=9afdbfef09bbd510VgnVCM2000001f4a900aRCRD";"Partidos de Baloncesto Liga ACB. Real Madrid";"http://www.madrid.es/sites/v/index.jsp?vgnextchannel=1ccd566813946010VgnVCM100000dc0ca8c0RCRD&vgnextoid=f78dbfef09bbd510VgnVCM2000001f4a900aRCRD";"http://www.madrid.es/sites/v/index.jsp?vgnextchannel=9e4c43db40317010VgnVCM100000dc0ca8c0RCRD&vgnextoid=322a8f90a581c010VgnVCM1000000b205a0aRCRD";"WiZink Center (antiguo Palacio de Deportes de Madrid)";"443095";"4475164";"40.42328354496374";"-3.672104027231158";"SALAMANCA";"/contenido/actividades/ActividadesDeportivas/Baloncesto";"";
10463275;"Real Madrid - Iberostar Tenerife";"";"0";"0";"";"";"2017-12-03 00:00:00.0";"2017-12-03 23:59:00.0";"00:00";"";"http://www.madrid.es/sites/v/index.jsp?vgnextchannel=1ccd566813946010VgnVCM100000dc0ca8c0RCRD&vgnextoid=2e0ebfef09bbd510VgnVCM2000001f4a900aRCRD";"Partidos de Baloncesto Liga ACB. Real Madrid";"http://www.madrid.es/sites/v/index.jsp?vgnextchannel=1ccd566813946010VgnVCM100000dc0ca8c0RCRD&vgnextoid=f78dbfef09bbd510VgnVCM2000001f4a900aRCRD";"http://www.madrid.es/sites/v/index.jsp?vgnextchannel=9e4c43db40317010VgnVCM100000dc0ca8c0RCRD&vgnextoid=322a8f90a581c010VgnVCM1000000b205a0aRCRD";"WiZink Center (antiguo Palacio de Deportes de Madrid)";"443095";"4475164";"40.42328354496374";"-3.672104027231158";"SALAMANCA";"/contenido/actividades/ActividadesDeportivas/Baloncesto";"";
10463277;"Real Madrid - Monbus Obradoiro";"";"0";"0";"";"";"2017-12-10 00:00:00.0";"2017-12-10 23:59:00.0";"00:00";"";"http://www.madrid.es/sites/v/index.jsp?vgnextchannel=1ccd566813946010VgnVCM100000dc0ca8c0RCRD&vgnextoid=724ebfef09bbd510VgnVCM2000001f4a900aRCRD";"Partidos de Baloncesto Liga ACB. Real Madrid";"http://www.madrid.es/sites/v/index.jsp?vgnextchannel=1ccd566813946010VgnVCM100000dc0ca8c0RCRD&vgnextoid=f78dbfef09bbd510VgnVCM2000001f4a900aRCRD";"http://www.madrid.es/sites/v/index.jsp?vgnextchannel=9e4c43db40317010VgnVCM100000dc0ca8c0RCRD&vgnextoid=322a8f90a581c010VgnVCM1000000b205a0aRCRD";"WiZink Center (antiguo Palacio de Deportes de Madrid)";"443095";"4475164";"40.42328354496374";"-3.672104027231158";"SALAMANCA";"/contenido/actividades/ActividadesDeportivas/Baloncesto";"";
10463278;"Real Madrid - Movistar Estudiantes";"";"0";"0";"";"";"2017-12-31 00:00:00.0";"2017-12-31 23:59:00.0";"00:00";"";"http://www.madrid.es/sites/v/index.jsp?vgnextchannel=1ccd566813946010VgnVCM100000dc0ca8c0RCRD&vgnextoid=466ebfef09bbd510VgnVCM2000001f4a900aRCRD";"Partidos de Baloncesto Liga ACB. Real Madrid";"http://www.madrid.es/sites/v/index.jsp?vgnextchannel=1ccd566813946010VgnVCM100000dc0ca8c0RCRD&vgnextoid=f78dbfef09bbd510VgnVCM2000001f4a900aRCRD";"http://www.madrid.es/sites/v/index.jsp?vgnextchannel=9e4c43db40317010VgnVCM100000dc0ca8c0RCRD&vgnextoid=322a8f90a581c010VgnVCM1000000b205a0aRCRD";"WiZink Center (antiguo Palacio de Deportes de Madrid)";"443095";"4475164";"40.42328354496374";"-3.672104027231158";"SALAMANCA";"/contenido/actividades/ActividadesDeportivas/Baloncesto";"";
10525125;"Sanitas Marca Running Series. Derbi de las aficiones Madrid 2017";"";"0";"0";"";"";"2017-11-12 00:00:00.0";"2017-11-12 23:59:00.0";"09:00";"";"http://www.madrid.es/sites/v/index.jsp?vgnextchannel=1ccd566813946010VgnVCM100000dc0ca8c0RCRD&vgnextoid=0e41099afe93f510VgnVCM2000001f4a900aRCRD";"Sanitas Marca Running Series. Derbi de las aficiones Madrid 2017";"http://www.madrid.es/sites/v/index.jsp?vgnextchannel=1ccd566813946010VgnVCM100000dc0ca8c0RCRD&vgnextoid=4408681327b40510VgnVCM2000000c205a0aRCRD";"http://www.madrid.es/sites/v/index.jsp?vgnextchannel=9e4c43db40317010VgnVCM100000dc0ca8c0RCRD&vgnextoid=96fb79262ef5d010VgnVCM1000000b205a0aRCRD";"Estadio Santiago Bernabéu";"441727";"4478378";"40.45214189379938";"-3.68852449488213";"CHAMARTIN";"/contenido/actividades/ActividadesDeportivas/CarrerasMaratones";"";







